"","item","N","M","xsi.item","AXsi_.Cat1","AXsi_.Cat2","AXsi_.Cat3","AXsi_.Cat4","B.Cat1.Dim1","B.Cat2.Dim1","B.Cat3.Dim1","B.Cat4.Dim1"
"1","X5922debbc15d4a349457ce55",11,2.27272727272727,-0.383482589981489,-2.94443897916644,-4.67904003455455,-4.4783693390924,-1.53393035992596,1,2,3,4
"2","X5922debbc15d4a349457ce56",11,0.363636363636364,0.409854951934187,0.200670695462151,0.819709903868375,NA,NA,1,2,0,0
"3","X5922debbc15d4a349457ce57",11,1,0.438744180814678,-0.619039208406224,-0.418368512944072,1.31623254244403,NA,1,2,3,0
"4","X5922debbc15d4a349457ce58",11,0.818181818181818,0.209184256472036,-0.200670695462151,0.418368512944072,NA,NA,1,2,0,0
"5","X5922debbc15d4a349457ce59",11,1.90909090909091,0.302459480944584,-2.94443897916644,-4.67904003455455,-1.73460105538811,1.20983792377833,1,2,3,4
"6","X5922debbc15d4a349457ce5a",11,1.90909090909091,0.158997191679999,-2.94443897916644,-4.04305126783455,-2.30845021244644,0.635988766719997,1,2,3,4
