"","item","N","M","xsi.item","AXsi_.Cat1","AXsi_.Cat2","AXsi_.Cat3","AXsi_.Cat4","B.Cat1.Dim1","B.Cat2.Dim1","B.Cat3.Dim1","B.Cat4.Dim1"
"1","X5919806fc15d4a3a2199e65c",6,0.333333333333333,1.2057182672923,1.2057182672923,NA,NA,NA,1,0,0,0
"2","X5919806fc15d4a3a2199e65d",5,0.4,1.58145832732245,4.42094413136482,3.1629166546449,NA,NA,1,2,0,0
"3","X5919806fc15d4a3a2199e660",8,1,0.668030486890902,0.665743596176875,0.185458526312116,2.00409146067271,NA,1,2,3,0
"4","X5919806fc15d4a3a2199e662",5,1.4,1.01607712686137,0.0498188107859781,0.683340166765728,5.24341768361066,4.06430850744548,1,2,3,4
